{"pitch": [-1.2348975138192322, 9.294736676202193, 149.48388023836432, 68.86845432871466], "energy": [-1.0860052108764648, 7.008091926574707, 46.47525997520986, 42.794690092995914]}