{"pitch": [-1.200104492380143, 9.827739448024507, 152.73385102397415, 73.5731383203127], "energy": [-1.0797356367111206, 7.012021064758301, 46.28347290586996, 42.79805685280748]}