{"pitch": [-1.5498679890586002, 7.470857272319672, 180.8200178895726, 76.65271859017565], "energy": [-1.0023417472839355, 6.5506815910339355, 41.89695724155648, 41.79907685171826]}